rank,uri,artist_names,track_name,source,peak_rank,previous_rank,weeks_on_chart,streams
1,"spotify:track:6Sq7ltF9Qa7SNFBsV5Cogx","Bad Bunny, Chencho Corleone","Me Porto Bonito","Rimas Entertainment LLC",1,1,6,"11475496"
2,"spotify:track:3k3NWokhRRkEPhCzPmV8TW","Bad Bunny, Bomba Estéreo","Ojitos Lindos","Rimas Entertainment LLC",1,2,6,"10308227"
3,"spotify:track:1IHWl5LamUGEuP4ozKQSXZ","Bad Bunny","Tití Me Preguntó","Rimas Entertainment LLC",3,3,6,"9386512"
4,"spotify:track:5Eax0qFko2dh7Rl2lYs3bx","Bad Bunny","Efecto","Rimas Entertainment LLC",4,5,6,"7820434"
5,"spotify:track:4tYFy8ALRjIZvnvSLw5lxN","Bad Bunny, Rauw Alejandro","Party","Rimas Entertainment LLC",3,4,6,"7564441"
6,"spotify:track:2rurDawMfoKP4uHyb2kJBt","Shakira, Rauw Alejandro","Te Felicito","Sony Music Latin",6,6,8,"7001196"
7,"spotify:track:7dSZ6zGTQx66c2GF91xCrb","KAROL G","PROVENZA","UMLE - Latino",1,7,8,"6841177"
8,"spotify:track:6Xom58OOXk2SoU711L2IXO","Bad Bunny","Moscow Mule","Rimas Entertainment LLC",1,8,6,"6355954"
9,"spotify:track:41oY4WCTj5kccfesTVFnvN","Bad Bunny, Jhay Cortez","Tarot","Rimas Entertainment LLC",7,11,6,"4560530"
10,"spotify:track:2NWaWZZLFMcr5P4uI2KvWy","Victor Cibrian","En El Radio Un Cochinero","Rancho Humilde",8,9,5,"4395363"
11,"spotify:track:4Dvkj6JhhA12EX05fT7y2e","Harry Styles","As It Was","Columbia",1,10,11,"4214885"
12,"spotify:track:1dm6z1fWB0cErMszU25dy2","Bad Bunny","Después de la Playa","Rimas Entertainment LLC",6,12,6,"4142220"
13,"spotify:track:44XjoNvtwevktFKjvVe1vH","Bad Bunny, Buscabulla","Andrea","Rimas Entertainment LLC",11,14,6,"4022432"
14,"spotify:track:1O2pcBJGej0pmH2Y9XZMs6","Cris Mj","Una Noche en Medellín","Nabru Records LLC",3,15,17,"3828372"
15,"spotify:track:5CzixCxDkRXX9mScCmah8O","Bad Bunny","Un Ratito","Rimas Entertainment LLC",8,13,6,"3774816"
16,"spotify:track:5kpxVMDvYGRmNqawPqDTYR","La Adictiva Banda San José de Mesillas, Luis R Conriquez","JGL","Anval Music",16,20,13,"3601824"
17,"spotify:track:1797zYiX4cKosMH836X9Gt","Bad Bunny, Tony Dize","La Corriente","Rimas Entertainment LLC",16,29,6,"3566141"
18,"spotify:track:31i56LZnwE6uSu3exoHjtB","Bad Bunny","Neverita","Rimas Entertainment LLC",12,19,6,"3526862"
19,"spotify:track:3ZGkdrigbWXLgHungXfZkt","Junior H, Luis R Conriquez","Los Botones Azules","WEA Latina",13,21,15,"3466479"
20,"spotify:track:74WROFXsox6wkeUrEK2DS6","Eden Muñoz","Chale","Lizos Music",1,16,17,"3465826"
21,"spotify:track:2uflssWlCaJ6CbTMOsUpNI","Bad Bunny","Aguacero","Rimas Entertainment LLC",18,18,6,"3425322"
22,"spotify:track:7FlQk2gJ6TBrHHiidvdR2O","Becky G, KAROL G","MAMIII","Kemosabe Records/RCA Records",2,31,18,"3317651"
23,"spotify:track:75UMtPC77vqKRwfSuYuNPO","Kevin Kaarl","San Lucas","Kevin Kaarl",8,23,16,"3301405"
24,"spotify:track:6mmPpaltUZK7xjNlBPQQ0p","Rauw Alejandro, Chencho Corleone","Desesperados","Sony Music Latin/Duars Entertainment",3,28,27,"3296344"
25,"spotify:track:1UdzJEpgJxtuXAlCOvD4S0","Danny Ocean","Fuera del mercado","Atlantic Records",2,25,16,"3284351"
26,"spotify:track:4d4ZXH4dr5bYfgErHiZCX2","Bad Bunny","Dos Mil 16","Rimas Entertainment LLC",13,34,6,"3254356"
27,"spotify:track:0UXlu64mDLvfzR8IXMz06J","Christian Nodal","Ya No Somos Ni Seremos","Producciones Ladon, S.A de C.V.",1,26,17,"3242254"
28,"spotify:track:5kVZxyMY1gfdCLiChsfjn1","Bad Bunny","Yo No Soy Celoso","Rimas Entertainment LLC",11,27,6,"3194584"
29,"spotify:track:0OTNHGKcqQbk51bOYe462Y","Polimá Westcoast, Pailita","ULTRA SOLO","Sony Music Entertainment Chile S.A",22,30,8,"3166329"
30,"spotify:track:28GCbKgjlVD9eDmasGbe0T","Bad Bunny","Me Fui de Vacaciones","Rimas Entertainment LLC",9,24,6,"3162722"
31,"spotify:track:6y8z28epOv5FlaxDv1Lo5B","Ryan Castro","Jordan","King Records",6,17,18,"3110501"
32,"spotify:track:6VrQTLzzuyGIYjUDe4kAZk","Bad Bunny","Un Coco","Rimas Entertainment LLC",20,32,6,"2978223"
33,"spotify:track:0E0DRHf5PfMeor0ZCwB3oT","Bad Bunny, The Marías","Otro Atardecer","Rimas Entertainment LLC",17,33,6,"2856891"
34,"spotify:track:75FEaRjZTKLhTrFGsfMUXR","Kate Bush","Running Up That Hill (A Deal With God)","Parlophone UK",22,22,3,"2737993"
35,"spotify:track:5IdyvWCaUa7AgTxMsFj0wB","Grupo Los de la O","Fuga Pa Cali 2","Manzana Records, Inc.",19,37,19,"2584837"
36,"spotify:track:4gzsuuZypVbxs0Af1LSZyB","Tainy, Bad Bunny, Julieta Venegas","Lo Siento BB:/ (with Bad Bunny & Julieta Venegas)","Neon16",1,36,37,"2559749"
37,"spotify:track:48AJSd42lXpicsGqcgopof","Daddy Yankee, Bad Bunny","X ÚLTIMA VEZ","Republic Records",4,35,12,"2531908"
38,"spotify:track:7Jph6HJbfURt4Fea19IED3","Grupo Marca Registrada","Si Fuera Fácil","RB Music",38,47,3,"2512107"
39,"spotify:track:2JPLbjOn0wPCngEot2STUS","Bad Bunny","Yonaguni","Rimas Entertainment LLC",1,41,54,"2348647"
40,"spotify:track:3FkeNbs9Zeiqkr3WkbOiGp","Anitta","Envolver","Warner Records",4,39,15,"2337086"
41,"spotify:track:3p6eieHX6oEOzJStPtEsLu","Calibre 50","Si Te Pudiera Mentir","Calibre",2,42,99,"2334607"
42,"spotify:track:18HOjcvTVV7W8YzBuOsAPS","Bad Bunny","Un Verano Sin Ti","Rimas Entertainment LLC",15,38,6,"2329242"
43,"spotify:track:71wFwRo8xGc4lrcyKwsvba","Bad Bunny, Tainy","Callaita","Rimas Entertainment LLC",1,40,159,"2324326"
44,"spotify:track:7dT9D6117e5DbhnKxDLNW9","Kevin Kaarl","Colapso","Kevin Kaarl",31,45,55,"2175401"
45,"spotify:track:798ahLNEcoFER7Vywg1FMT","Calibre 50","A La Antigüita","Andaluz Music, LLC",1,46,57,"2161928"
46,"spotify:track:2NMjggapJcXXM7WccGEBUO","Bad Bunny","Enséñame a Bailar","Rimas Entertainment LLC",21,43,6,"2106186"
47,"spotify:track:3GaGWoU1KfVqgl7vnRHP55","C. Tangana","Demasiadas Mujeres","Sony Music Entertainment",11,44,18,"2025780"
48,"spotify:track:6ylDpki1VpIsc525KC1ojF","Sebastian Yatra","Tacones Rojos","UMLE - Latino",7,48,32,"1989546"
49,"spotify:track:0wihfILRNOwE2156Shezc8","Bad Bunny","Agosto","Rimas Entertainment LLC",22,49,6,"1976130"
50,"spotify:track:0UvZcEfpzVyx47QsRbjyBz","Bad Bunny","El Apagón","Rimas Entertainment LLC",23,50,6,"1945317"
51,"spotify:track:6Yard5LK4aXEn0kBKtHSob","Grupo Firme, Grupo Recluta","Se Fue La Pantera (En Vivo)","Music VIP Entertainment Inc",28,54,32,"1876828"
52,"spotify:track:7w47Qtyrw5y4w5Qa0wNjco","Natanael Cano, Steve Aoki","Nataaoki","WEA Latina",20,52,10,"1867089"
53,"spotify:track:10SRMwb9EuVS1K9rYsBfHQ","BTS","Yet To Come","BIGHIT MUSIC",53,-1,1,"1834722"
54,"spotify:track:3rdAz1fbUfZxYgaCviYhRo","Rauw Alejandro","Todo De Ti","Sony Music Latin/Duars Entertainment",1,53,56,"1833265"
55,"spotify:track:4hceSKjrkDTO0nMKFcb3sj","Bizarrap, Villano Antillano","Villano Antillano: Bzrp Music Sessions, Vol. 51","DALE PLAY Records",55,-1,1,"1799224"
56,"spotify:track:4r9jkMEnArtWGH2rL2FZl0","Bad Bunny","A Tu Merced","Rimas Entertainment LLC",8,57,120,"1700396"
57,"spotify:track:2MnLkFqY9Rpg9s3Zv6ZJdK","Gera MX, Christian Nodal","Botella Tras Botella","Virgin Music México",1,55,60,"1687933"
58,"spotify:track:0akyEssGRVHstqCSWXusJL","Ed Maverick","Fuentes de Ortiz","Universal Music Mexico",21,59,179,"1627140"
59,"spotify:track:5TMLavqGRKNxgzMBrVpC9R","zzoilo, Aitana","Mon Amour - Remix","Universal Music Spain S.L.",1,56,37,"1623111"
60,"spotify:track:69vlMrzHwATKzupwNcUPyK","Bad Bunny, Daddy Yankee","La Santa","Rimas Entertainment LLC",5,62,120,"1613460"
61,"spotify:track:6DoL1yYIwEW7VZMRaJhoJI","Chris Jedi, Anuel AA, Chencho Corleone, Ñengo Flow","La Llevo Al Cielo (Ft. Ñengo Flow)","UMLE - Latino",61,61,4,"1610273"
62,"spotify:track:6YNTL320OEMAg4ORqGYt1v","Matisse, Carin Leon","Como Lo Hice Yo","Sony Music México",6,60,40,"1602226"
63,"spotify:track:6ioupaJ387IxHQC9RSHMar","Pure Negga, Ziko","Cnv Sound, Vol. 14","Pure Nigga",58,63,7,"1599261"
64,"spotify:track:3HgvO4B5LLmdPOT2d8cSZd","LAGOS, Danny Ocean","Mónaco","WM Mexico",12,65,51,"1585647"
65,"spotify:track:6HIIuuUIEzH1meVdGbMXyf","Grupo Firme","Ya Supérame (En Vivo)","Music VIP Entertainment Inc",4,64,44,"1583777"
66,"spotify:track:6xGruZOHLs39ZbVccQTuPZ","Joji","Glimpse of Us","88rising Music/Warner Records",66,-1,1,"1578711"
67,"spotify:track:0fea68AdmYNygeTGI4RC18","J Balvin, Bad Bunny","LA CANCIÓN","Universal Music Latino / Rimas",1,67,155,"1575173"
68,"spotify:track:4MzXwWMhyBbmu6hOcLVD49","Bad Bunny, Jhay Cortez","DÁKITI","Rimas Entertainment LLC",1,68,85,"1570855"
69,"spotify:track:69xohKu8C1fsflYAiSNbwM","BTS","Run BTS","BIGHIT MUSIC",69,-1,1,"1522274"
70,"spotify:track:2LJRoFOtMGLnSxJqlJuhge","Gerardo Ortiz","Tranquilito","Sony Music Latin",23,70,43,"1519785"
71,"spotify:track:5gS11pL9yQcnKrzbmliOwh","Natanael Cano","Brillo","WEA Latina",20,75,10,"1445964"
72,"spotify:track:4H3t8C59tXjKf1R2iKtc5M","Marca MP","Ya Acabo","Marca MP",7,72,64,"1439860"
73,"spotify:track:55mzJ0LftLnef8sxAjrMkU","Santa Fe Klan, Neto Peña, Yoss Bones","Debo Entender","Rap Trap Records / Alzada Corp",6,73,56,"1439573"
74,"spotify:track:1xO7tp4J5Wj0NeKrzIpd1V","Christian Nodal, Banda MS de Sergio Lizárraga","La Sinvergüenza","Producciones Ladon, S.A de C.V.",5,69,38,"1436196"
75,"spotify:track:6JIC3hbC28JZKZ8AlAqX8h","Elton John, Dua Lipa, PNAU","Cold Heart - PNAU Remix","EMI",13,71,43,"1434002"
76,"spotify:track:1qEmFfgcLObUfQm0j1W2CK","Harry Styles","Late Night Talking","Columbia",30,58,4,"1428919"
77,"spotify:track:2TzkIzgzIHhewMxyh1u4hh","Kevin Kaarl","Vámonos a Marte","Kevin Kaarl",55,74,80,"1423855"
78,"spotify:track:7ef4DlsgrMEH11cDZd32M6","Calvin Harris, Dua Lipa","One Kiss (with Dua Lipa)","Sony Music UK",7,76,90,"1394309"
79,"spotify:track:2g12ZAzSIybDe6QC3w9DYl","Grupo Marca Registrada","El Doctor","RB Music",73,82,29,"1392644"
80,"spotify:track:7E9GeFGfjXw9LAI4ay6rsw","Grupo Firme, Carin Leon","El Tóxico","Music VIP Entertainment Inc",10,78,85,"1369545"
81,"spotify:track:4khWEpnaijN0G1x019Uzdr","Morat","No Se Va","Universal Music Spain S.L.",54,87,16,"1353464"
82,"spotify:track:3pQYf90V5idOGrXzosm9rt","Junior H","Se Amerita","WEA Latina",20,77,48,"1349427"
83,"spotify:track:2vmfvSoZBFAt9hhRoEByLi","Aventura, Bad Bunny","Volví","Rimas Entertainment LLC",3,84,46,"1346545"
84,"spotify:track:6ifUES3keWjwXgae8pXI3o","Danny Ocean","Me Rehúso","Atlantic Records",1,85,281,"1318085"
85,"spotify:track:6nyl8kugrRsjzvpFhvw4hE","Los 2 de la S","Es Que Me Gustas - En Vivo","Lizos Music",57,83,31,"1317622"
86,"spotify:track:0bI5WRiDfU5BY38ufOJtGu","Maluma, Chencho Corleone","Nos Comemos Vivos","Sony Music Latin",86,-1,1,"1306383"
87,"spotify:track:3lGMtkONrZdJ8kTCg6KIFf","Natalia Lafourcade","Hasta la Raíz","RCA Records Label",15,93,138,"1278330"
88,"spotify:track:1Tcm4Qi0lbzXofH11MIzJs","Carin Leon","La Boda Del Huitlacoche - Live","Tamarindo Rekordsz",88,103,7,"1274414"
89,"spotify:track:6HJIZUOiZDE814XMhRGSZN","Yahritza Y Su Esencia","Soy El Unico","Lumbre Music",14,80,12,"1266305"
90,"spotify:track:4OwhwvKESFtuu06dTgct7i","Marc Seguí, Rauw Alejandro, Pol Granch","Tiroteo - Remix","WEA Latina",10,89,51,"1266153"
91,"spotify:track:1PckUlxKqWQs3RlWXVBLw3","Lizzo","About Damn Time","Nice Life/Atlantic",73,79,6,"1261054"
92,"spotify:track:3K56RPWS4q200IwHiIZcUD","Los Gemelos De Sinaloa","Andamos Mejor","Rancho Humilde",80,92,15,"1254304"
93,"spotify:track:15UfWisTMmHsMjkUUEAoAa","Peso Pluma, Raul Vega","El Belicon","Prajin Records / Worms Music",59,97,18,"1242776"
94,"spotify:track:6LkquZ7k3q1eeBtltF63lj","Kevin Kaarl","como me encanta","Kevin Kaarl",66,66,2,"1240340"
95,"spotify:track:0bI7K9Becu2dtXK1Q3cZNB","Tiësto, KAROL G","Don't Be Shy","Atlantic Records",17,100,44,"1239516"
96,"spotify:track:3lz3pZ0Jd5XtB4PfgvcHg1","Santa Fe Klan","Mar y Tierra","Cuatro Siete Tres Music",30,86,10,"1239126"
97,"spotify:track:3elpkpwYlmUbuvmVps08lJ","Santa Fe Klan, Nanpa Básico","Te Ire A Buscar","Rap Trap Records / Alzada Corp",16,91,64,"1236145"
98,"spotify:track:4srcMdbm2qzVG98tJajHxp","Alejo, Feid, ROBI","Pantysito","UMLE - Latino",55,98,13,"1223868"
99,"spotify:track:4hAYQuavbB0FYhyxBTbVal","Alex Luna, DAAZ","Te Marqué Pedo","Worldwide Records",11,81,21,"1220836"
100,"spotify:track:0ldT3gl7aGNzrJyd4b1CA4","Grupo Firme, Lenin Ramírez","En Tu Perra Vida","Music VIP Entertainment Inc",19,95,55,"1217917"
101,"spotify:track:6HOOykUGBMv3LFsR9gObw5","Eden Muñoz","Creo en Ti","Lizos Music",81,88,17,"1216399"
102,"spotify:track:4HzqWEdAbzcVFDv0pvxV4w","Maluma","Sobrio","Sony Music Latin",7,101,49,"1199511"
103,"spotify:track:2DB4DdfCFMw1iaR6JaR03a","Camila Cabello, Ed Sheeran","Bam Bam (feat. Ed Sheeran)","Epic",82,99,13,"1178262"
104,"spotify:track:6lX6l7OuA3qrnIRfdsr0dw","Blessd, Justin Quiles, Lenny Tavárez","Medallo","WEA Latina",17,90,33,"1164700"
105,"spotify:track:4R8BJggjosTswLxtkw8V7P","Jhay Cortez, J Balvin, Bad Bunny","No Me Conoce - Remix","N&E Entertainment LLC",3,106,161,"1153766"
106,"spotify:track:35wvL50xvKpCHEJPxLOLPI","Bad Bunny","Si Estuviésemos Juntos","Rimas Entertainment LLC",21,111,161,"1153754"
107,"spotify:track:7gaovXojjqfn276uZR0omT","La Factoria","Todavia","La Factoria",49,108,114,"1149448"
108,"spotify:track:4OVpyR6yhYyVoRj9D7CERz","Banda MS de Sergio Lizárraga, Carin Leon","Ojos Cerrados","Lizos Music",44,107,23,"1146164"
109,"spotify:track:4bF2y8rR7GUjrd5LNEvej3","Ingratax","París","Room28",7,110,49,"1144349"
110,"spotify:track:7KNSQcLwrl3bNEuV1OVHtv","Luis R Conriquez","Me Metí En El Ruedo","Kartel Music",79,109,34,"1143947"
111,"spotify:track:6ohTBTmcNHe9UzvxAgA9wJ","Lauri Garcia","Miel","GodKing Records",71,105,20,"1138631"
112,"spotify:track:3ehHqgYRzmeUi345MfHS2N","Morat, Duki","París","Universal Music Spain S.L.",54,96,4,"1117192"
113,"spotify:track:4gBxREFDhxi8Hw4qeiYt7B","Eden Muñoz, Michelle Maciel","No Sabía Cuánto","Lizos Music",79,102,6,"1108861"
114,"spotify:track:1rdkLyIU3b9LTX1a6RrP5M","MC Davo, Santa Fe Klan, Eirian Music, Los Golpes","Sigo Esperando Que Vuelvas (feat. Los Golpes)","WM Mexico",78,94,3,"1096355"
115,"spotify:track:0aZnyTWJNgdzYoOiaW8HKG","KAROL G","200 COPAS","UMLE - Latino",47,140,42,"1085791"
116,"spotify:track:2ytQws1jfyFcY2K2MDUfzd","Los Lara","Fumando Mota","Serca",16,113,22,"1083629"
117,"spotify:track:41wtwzCZkXwpnakmwJ239F","Bad Bunny","Si Veo a Tu Mamá","Rimas Entertainment LLC",1,117,120,"1082761"
118,"spotify:track:2B4GHvToeLTOBB4QLzW3Ni","Farruko","Pepas","Sony Music Latin",1,114,47,"1079287"
119,"spotify:track:0OPiOIAyw2FUjKm8PXBGhq","Marca MP, Becky G","Ya acabó - Con Becky G","Sony Music México",78,122,7,"1079122"
120,"spotify:track:5gflgO9EPbIBf16n5TKnQS","Zion & Lennox","Yo Voy (feat. Daddy Yankee)","Baby Records Inc",76,120,15,"1077625"
121,"spotify:track:2Nk3gXgekore0lfB7PCnub","Alfredo Olivas","El Paciente","Sahuaro Enterprise, Inc.",86,137,102,"1069865"
122,"spotify:track:2gpQi3hbcUAcEG8m2dlgfB","Paulo Londra","Plan A","WEA Latina",1,112,13,"1063331"
123,"spotify:track:6C1RD7YQVvt3YQj0CmuTeu","Bad Bunny, Ozuna, Farruko, Arcangel, Ñengo Flow, DJ Luian, Mambo Kingz","Diles","Rimas Entertainment LLC",28,118,118,"1058358"
124,"spotify:track:5iBBLeUl4UfynWgcJWVGsU","Virlan Garcia","Híbrido","Sony Music México",96,123,37,"1057635"
125,"spotify:track:655JkvIwu2rDCaD1hPf04g","Sebastian Yatra, Myke Towers","Pareja Del Año","UMLE - Latino",4,116,61,"1055581"
126,"spotify:track:5BE9B2FiFWBbBdoIQ1m1UP","Grupo Firme, Maluma","Cada Quien","Music VIP Entertainment Inc",8,119,28,"1050510"
127,"spotify:track:2n7ohqg1s68ToAHh4u9mcW","Bad Bunny","Vete","Rimas Entertainment LLC",1,126,134,"1048985"
128,"spotify:track:0vNtFN67TIMgDokyyuUUwA","Edgardo Nuñez","El Ruddy","Genesis Records",96,121,11,"1046860"
129,"spotify:track:50pkO56KXHoH53sVPRSbZ3","El Fantasma","El Bélico","Afinarte Music",56,124,49,"1044366"
130,"spotify:track:1yoMvmasuxZfqHEipJhRbp","Maluma","Hawái","Sony Music Latin",1,130,98,"1029738"
131,"spotify:track:4NQa7zNbJtY2QvnGpzM8Gz","Código FN","Soy El Ratón","Al Millon Music",44,125,19,"1023340"
132,"spotify:track:3afafgQst7OyR2d7vPbJTM","Christian Nodal","Vivo en el 6","Producciones Ladon, S.A de C.V.",67,104,6,"1020143"
133,"spotify:track:7G3h22znCIwaN07Q2s1ukR","Grupo Recluta","Se Fue La Pantera","Boba Records",118,127,14,"1013798"
134,"spotify:track:1quaoU1wjFHLkDXC3bNghk","Luis R Conriquez","El Buho","Kartel Music",125,133,33,"1013402"
135,"spotify:track:1WvrDdouh6C51In1SdATbq","KAROL G","BICHOTA","UMLE - Latino",2,164,86,"1009661"
136,"spotify:track:1s59X35jDULAyOGmBuTAnd","Lenin Ramírez, Grupo Firme","Yo Ya No Vuelvo Contigo - En Vivo","DEL Records",24,128,132,"998160"
137,"spotify:track:6VuUMo1TusnqBxLTnr3hOI","León Larregui","Brillas","EMI México",43,134,286,"995136"
138,"spotify:track:5J7teKIJGtqVypgYI6sqXj","Bad Bunny, Mora","Una Vez","Rimas Entertainment LLC",30,131,103,"989477"
139,"spotify:track:2FSGUA0gFgGeQdprjtGM2M","KAROL G, Mariah Angeliq","EL MAKINON","UMLE - Latino",7,177,63,"984899"
140,"spotify:track:46HNZY1i7O6jwTA7Slo2PI","Coldplay, BTS","My Universe","Parlophone UK",12,138,38,"983736"
141,"spotify:track:6ojZtz3sZr6ynvejLOqgCj","Tiago PZK, Ozuna","Nos Comemos (feat. Ozuna)","WEA Latina",141,172,2,"981434"
142,"spotify:track:53RLjHptrKflawOuGru1xM","Kenia OS","Llévatelo","Sony Music México",57,115,11,"978341"
143,"spotify:track:1uKjQoh8JZj9ryuYRhpd7E","Luis Miguel","Ahora Te Puedes Marchar","WM Mexico",21,136,286,"973528"
144,"spotify:track:6b68vfUlXy2i2dO79z3h5W","Luis Angel ""El Flaco""","Y Si Se Quiere Ir","LAR Music",95,143,22,"968003"
145,"spotify:track:0tKl8ZVM6xJkhznvJAS3Nq","Junior H","Ella","Rancho Humilde",43,135,126,"955773"
146,"spotify:track:704LUEih663hiE3CnyUrFW","KAROL G","SEJODIOTO","UMLE - Latino",34,199,37,"950184"
147,"spotify:track:1bnSKjuPEd8FPACxqA5Mos","Efecto Elegante","Préstame Tu Corazón","Premier Music Group",114,144,11,"949435"
148,"spotify:track:3DokuNa2HtgsAT7iHyqF48","Matisse","Un Nuevo Amor","Sony Music México",73,141,11,"946373"
149,"spotify:track:30W8VKHrAZmHzObnwAoc1u","Mora, Sech","TUS LÁGRIMAS","Rimas Entertainment LLC",61,129,9,"940492"
150,"spotify:track:0HINQFSerZ6iMfSsaTO3G5","DEKKO","12x3","HIA Ent./Interscope Records",62,139,17,"940133"
151,"spotify:track:3AJwUDP919kvQ9QcozQPxg","Coldplay","Yellow","Parlophone UK",28,148,16,"938982"
152,"spotify:track:0G2zPzWqVjR68iNPmx2TBe","Mora, Bad Bunny, Sech","Volando - Remix","Rimas Entertainment LLC",7,142,49,"937140"
153,"spotify:track:5VfkfKTTo5BRKqHwfENF0V","Calibre 50","Míranos Ahora","Andaluz Music, LLC",134,160,10,"937088"
154,"spotify:track:7MmrcXVA7A5zZ2CbDuGHNa","Rels B","A Mí","ILoveRibs! / MÉCÈN Ent.",68,145,173,"931060"
155,"spotify:track:3BaqocmzlsHGkOSBVCrHAp","Kevin Kaarl","Amor Viejo","Kevin Kaarl",143,147,6,"920019"
156,"spotify:track:0R7DSnSibvuE4PEHqUayqf","Plan B","Es un Secreto","Pina Records",156,157,14,"914094"
157,"spotify:track:15yuvKhcoEtV5KwKxqHSwa","Cartel De Santa, Millonario","Burbujas de Cristal","Babilonia Music, S.A. De C.V.",65,153,46,"910675"
158,"spotify:track:0luUNezZ21eKwCYJ4Rvyo0","La Humildad De La Musica Norteña","Huapango Amor Ranchero","la humildad de la musica norteña",141,149,6,"909840"
159,"spotify:track:0VjIjW4GlUZAMYd2vXMi3b","The Weeknd","Blinding Lights","Republic Records",2,170,133,"907471"
160,"spotify:track:3MdhvQ8BprBhd4lYlgtPt2","Tito Torbellino Jr","El Vago De Los Nike","Torbellino Legacy Est 16",97,146,18,"906837"
161,"spotify:track:0lyZyn18awzOJuVM7qzCmd","Lenin Ramírez, Fuerza Regida, Banda Renovacion","Se Acabo - En Vivo","DEL Records",105,166,9,"894658"
162,"spotify:track:0cOa970mzTWAxKtltpkpLc","TINI, Maria Becerra","Miénteme","Sony Music Latin",20,156,54,"889787"
163,"spotify:track:05bfbizlM5AX6Mf1RRyMho","Nio Garcia, J Balvin, Bad Bunny","AM Remix","Flow La Movie",3,162,51,"885143"
164,"spotify:track:5HpXH64cSBNu26yhw3vK37","Carin Leon, Conjunto Primavera","El Amor De Tu Vida","Tamarindo Rekordsz",82,163,93,"885022"
165,"spotify:track:4dWY6RpM9zmYvwqxrNvwtV","La Santa Grifa","Tocame","Somos Osos",51,169,18,"884918"
166,"spotify:track:3viZLBs5sOsNFL9JMfuqZN","Grupo Los de la O","El Fat Tony","Manzana Records, Inc.",102,152,22,"884764"
167,"spotify:track:1Wrzhfa5bNlqvsnCztz190","Hombres G","Devuélveme a mi chica","WM Spain",72,165,251,"880017"
168,"spotify:track:4YF13O2n16dcTyGgVmiGvN","Mau y Ricky, Carin Leon","Llorar y Llorar - con Carin Leon","Sony Music Latin",168,-1,1,"872300"
169,"spotify:track:6mVWXZDsMguKrTHfiCyIVu","Grupo Firme, Banda El Recodo","El Reemplazo","Music VIP Entertainment Inc",167,167,2,"870537"
170,"spotify:track:0KAqMRUSZwzG3dZLdDA4eH","Shakira","Antologia","Epic",132,132,2,"869456"
171,"spotify:track:6W8zkOCzjmRkc1E3JR3mBF","Fuerza Regida","Descansando","Rancho Humilde",54,183,34,"867811"
172,"spotify:track:4NUt1fcnO9aQAELBgXq3Kr","Alejandro Fernández","Me Dediqué a Perderte","Columbia",73,174,286,"867494"
173,"spotify:track:64ImcY4fJhY243wr20SR3e","Calibre 50, Santa Fe Klan, Beto Sierra","Cuidando El Territorio","BS Music",15,178,46,"863545"
174,"spotify:track:4HYDUMY0xSpeBr0AMY9cUz","Jay Wheeler, DJ Nelson, Myke Towers","La Curiosidad","Linked Music / Dynamic Records / EMPIRE",6,195,102,"862485"
175,"spotify:track:3NqBxTOMCJ3zW9CIP51td4","Eslabon Armado, DannyLux","Jugaste y Sufrí","DEL Records",33,182,43,"861384"
176,"spotify:track:01EzG8Qg7oQqYMTNV5YkOW","Julianno Sosa, King Savagge","Cochinae","Sosa Mafia Records",168,168,3,"859878"
177,"spotify:track:3nD8VUJphfkoxSjy4lmeP1","JR Torres","Un Suspiró","Jr Torres",177,187,6,"858215"
178,"spotify:track:5PjdY0CKGZdEuoNab3yDmX","The Kid LAROI, Justin Bieber","STAY (with Justin Bieber)","Columbia",7,158,49,"857384"
179,"spotify:track:2uky0VCI2EZni0nArOPznM","Bizarrap, Paulo Londra","Paulo Londra: Bzrp Music Sessions, Vol. 23","DALE PLAY Records / Paulo Londra",14,186,8,"856770"
180,"spotify:track:7l4cSfrED7RrtT0t5CSOzv","Siddhartha","00:00","Sony Music México",93,180,18,"853957"
181,"spotify:track:5RubKOuDoPn5Kj5TLVxSxY","Bad Bunny","TE MUDASTE","Rimas Entertainment LLC",4,175,81,"852710"
182,"spotify:track:3p2KYoBgxUaaoJzXUToM8a","Cartel De Santa","Todas Mueren por Mí","Ariola",78,181,51,"852465"
183,"spotify:track:1hHnCReCPe1FUkGLTeuCaC","Fuerza Regida","Me Acostumbre A Lo Bueno","Rancho Humilde",110,193,21,"851809"
184,"spotify:track:78QcVmzxS0wIwuC2rpAauI","Rauw Alejandro, Mr. Naisgai","2/Catorce","Sony Music Latin/Duars Entertainment",6,155,59,"851383"
185,"spotify:track:4ZplewvZRLFcfBa5uyBbhd","Cardenales De Nuevo León","Belleza De Cantina","Universal Music Mexico",65,188,142,"851326"
186,"spotify:track:6sRaqq9SYsSTPvrWkL1sRy","Mi Banda El Mexicano","Ramito De Violetas","Craft Recordings",36,179,122,"850736"
187,"spotify:track:0b53GyMOfBCt5L6bh0CH3f","Flans","Las Mil Y Una Noches","Universal Music Mexico",168,198,14,"848214"
188,"spotify:track:6D2TCm4nf5nxAcdGJ7w3QP","J Balvin, Maria Becerra","Qué Más Pues?","Sueños Globales, LLC",3,176,55,"846580"
189,"spotify:track:3XjRIN9vEt35lm1iStPcgq","Santa Fe Klan, Big Soto, Neto Peña","Todo Va a Estar Bien","473 Music",27,154,50,"845917"
190,"spotify:track:0z5yLgBmAtaylDYrgwzlpH","Leo Rizzi","Amapolas","WM Spain",33,171,45,"845324"
191,"spotify:track:3NqbKUOgaU2LgIFRbu4B12","Millonario & W. Corona, Cartel De Santa","Éxtasis","Babilonia Music, S.A. de C.V.",78,184,47,"844178"
192,"spotify:track:1RQkKTyJZhFERJy6t5gIbv","Kevin Kaarl","Si Supieras","Kevin Kaarl",121,173,11,"837573"
193,"spotify:track:6Pur3hWy6Nzc27ilmsp5HA","Los Enanitos Verdes","Lamento Boliviano","EMI Latin",84,185,195,"835694"
194,"spotify:track:5SkLd0qWWqYtv3Ry0dIyIh","Los Gemelos De Sinaloa","Si Me Ven","Desvelada Records",164,196,8,"833249"
195,"spotify:track:1qfoq1qvZT7VwDVeekCJ97","Christian Nodal","De Los Besos Que Te Di","Universal Music Mexico",17,159,165,"832536"
196,"spotify:track:24KGKNglICq4YhNvaZfkA7","Adriel Favela, La Cotorrisa, Strecci","Contigo No Fue","UMLE - Fonovisa",15,161,15,"831275"
197,"spotify:track:3GSMdtJphymHEsR8K9jT5Q","León Larregui","Locos","Universal Music Mexico",56,190,224,"829891"
198,"spotify:track:7A07Yu1dRND3RKDzbhKrDs","Intocable","Fuerte No Soy","Capitol Latin",97,189,91,"826824"
199,"spotify:track:4O2bxKTnK9En7OPw8kGDDF","Los Del Limit","Amor Fugaz","DEL Records",67,197,48,"825533"
200,"spotify:track:4knc1Fp3kbuq8bH2byOvLu","Camilo, Evaluna Montaner","Índigo","Sony Music Latin",6,192,35,"822087"
